name,abbr,liver,kidney,smiles,inchikey,connectivity
1% cholesterol + 0.25% sodium cholate,CH+DS-Na,True,False,,,
"2,4-dinitrophenol",DNP,True,False,C1=CC(=C(C=C1[N+](=O)[O-])[N+](=O)[O-])O,UFBJCMHMOXMLKC-UHFFFAOYSA-N,UFBJCMHMOXMLKC
2-nitrofluorene,2NF,True,False,C1C2=CC=CC=C2C3=C1C=C(C=C3)[N+](=O)[O-],XFOHWECQTFIEIX-UHFFFAOYSA-N,XFOHWECQTFIEIX
3-methylcholanthrene,3-MC,True,False,CC1=C2CCC3=C2C(=CC4=C3C=CC5=CC=CC=C54)C=C1,PPQNQXQZIWHJRB-UHFFFAOYSA-N,PPQNQXQZIWHJRB
acarbose,ACA,True,False,C[C@@H]1[C@H]([C@@H]([C@H]([C@H](O1)O[C@@H]2[C@H](O[C@@H]([C@@H]([C@H]2O)O)O[C@H]([C@@H](CO)O)[C@@H]([C@H](C=O)O)O)CO)O)O)N[C@H]3C=C([C@H]([C@@H]([C@H]3O)O)O)CO,CEMXHAPUFJOOSV-XGWNLRGSSA-N,CEMXHAPUFJOOSV
acetamide,AAA,True,False,CC(=O)N,DLFVBJFMPXGRIB-UHFFFAOYSA-N,DLFVBJFMPXGRIB
acetamidofluorene,AAF,True,False,CC(=O)NC1=CC2=C(C=C1)C3=CC=CC=C3C2,CZIHNRWJTSTCEX-UHFFFAOYSA-N,CZIHNRWJTSTCEX
acetaminophen,APAP,True,True,CC(=O)NC1=CC=C(C=C1)O,RZVAJINKPMORJF-UHFFFAOYSA-N,RZVAJINKPMORJF
acetazolamide,ACZ,True,True,CC(=O)NC1=NN=C(S1)S(=O)(=O)N,BZKPWHYZMXOIDC-UHFFFAOYSA-N,BZKPWHYZMXOIDC
adapin,ADP,True,False,CN(C)CC/C=C/1\C2=CC=CC=C2COC3=CC=CC=C31.Cl,ODQWQRRAPPTVAG-GZTJUZNOSA-N,ODQWQRRAPPTVAG
aflatoxin B1,AFB1,True,False,COC1=C2C3=C(C(=O)CC3)C(=O)OC2=C4[C@@H]5C=CO[C@@H]5OC4=C1,OQIQSTLJSLGHID-WNWIJWBNSA-N,OQIQSTLJSLGHID
ajmaline,AJM,True,False,CC[C@H]1[C@@H]2C[C@H]3[C@H]4[C@@]5(C[C@@H]([C@H]2[C@H]5O)N3[C@@H]1O)C6=CC=CC=C6N4C,CJDRUOGAGYHKKD-RQBLFBSQSA-N,CJDRUOGAGYHKKD
allopurinol,APL,True,True,C1=NNC2=C1C(=O)NC=N2,OFCNXPDARWKPPY-UHFFFAOYSA-N,OFCNXPDARWKPPY
allyl alcohol,AA,True,True,C=CCO,XXROGKLTLUQVRX-UHFFFAOYSA-N,XXROGKLTLUQVRX
alpidem,ADM,False,False,CCCN(CCC)C(=O)CC1=C(N=C2N1C=C(C=C2)Cl)C3=CC=C(C=C3)Cl,JRTIDHTUMYMPRU-UHFFFAOYSA-N,JRTIDHTUMYMPRU
amiodarone,AM,True,False,CCCCC1=C(C2=CC=CC=C2O1)C(=O)C3=CC(=C(C(=C3)I)OCCN(CC)CC)I,IYIKLHRQXLHMJQ-UHFFFAOYSA-N,IYIKLHRQXLHMJQ
amitriptyline,AMT,True,False,CN(C)CCC=C1C2=CC=CC=C2CCC3=CC=CC=C31,KRMDCWKBEZIMAB-UHFFFAOYSA-N,KRMDCWKBEZIMAB
amphotericin B,AMB,True,True,C[C@H]1/C=C/C=C/C=C/C=C/C=C/C=C/C=C/[C@@H](C[C@H]2[C@@H]([C@H](C[C@](O2)(C[C@H](C[C@H]([C@@H](CC[C@H](C[C@H](CC(=O)O[C@H]([C@@H]([C@@H]1O)C)C)O)O)O)O)O)O)O)C(=O)O)O[C@H]3[C@H]([C@H]([C@@H]([C@H](O3)C)O)N)O,APKFDSVGJQXUKY-INPOYWNPSA-N,APKFDSVGJQXUKY
aspirin,ASA,True,False,CC(=O)OC1=CC=CC=C1C(=O)O,BSYNRYMUTXBXSQ-UHFFFAOYSA-N,BSYNRYMUTXBXSQ
azathioprine,AZP,True,False,CN1C=NC(=C1SC2=NC=NC3=C2NC=N3)[N+](=O)[O-],LMEKQMALGUDUQG-UHFFFAOYSA-N,LMEKQMALGUDUQG
bendazac,BDZ,True,False,C1=CC=C(C=C1)CN2C3=CC=CC=C3C(=N2)OCC(=O)O,BYFMCKSPFYVMOU-UHFFFAOYSA-N,BYFMCKSPFYVMOU
benzbromarone,BBr,True,False,CCC1=C(C2=CC=CC=C2O1)C(=O)C3=CC(=C(C(=C3)Br)O)Br,WHQCHUCQKNIQEC-UHFFFAOYSA-N,WHQCHUCQKNIQEC
benziodarone,BZD,True,False,CCC1=C(C2=CC=CC=C2O1)C(=O)C3=CC(=C(C(=C3)I)O)I,CZCHIEJNWPNBDE-UHFFFAOYSA-N,CZCHIEJNWPNBDE
bortezomib,BOR,True,False,B([C@H](CC(C)C)NC(=O)[C@H](CC1=CC=CC=C1)NC(=O)C2=NC=CN=C2)(O)O,GXJABQQUPOEUTA-RDJZCZTQSA-N,GXJABQQUPOEUTA
bromobenzene,BBZ,True,True,C1=CC=C(C=C1)Br,QARVLSVVCXYDNA-UHFFFAOYSA-N,QARVLSVVCXYDNA
bromoethylamine,BEA,True,True,C(CBr)N,IZQAUUVBKYXMET-UHFFFAOYSA-N,IZQAUUVBKYXMET
bucetin,BCT,True,True,CCOC1=CC=C(C=C1)NC(=O)CC(C)O,LIAWQASKBFCRNR-UHFFFAOYSA-N,LIAWQASKBFCRNR
buspirone,BPR,False,False,C1CCC2(C1)CC(=O)N(C(=O)C2)CCCCN3CCN(CC3)C4=NC=CC=N4,QWCRAEMEVRGPNT-UHFFFAOYSA-N,QWCRAEMEVRGPNT
buthionine sulfoximine,BSO,True,False,CCCCS(=N)(=O)CCC(C(=O)O)N,KJQFBVYMGADDTQ-UHFFFAOYSA-N,KJQFBVYMGADDTQ
butylated hydroxyanisole,BHA,True,False,,,
caffeine,CAF,True,True,CN1C=NC2=C1C(=O)N(C(=O)N2C)C,RYYVLZVUVIJVGH-UHFFFAOYSA-N,RYYVLZVUVIJVGH
captopril,CAP,True,True,C[C@H](CS)C(=O)N1CCC[C@H]1C(=O)O,FAKRSMQSSFJEIM-RQJHMYQMSA-N,FAKRSMQSSFJEIM
carbamazepine,CBZ,True,False,C1=CC=C2C(=C1)C=CC3=CC=CC=C3N2C(=O)N,FFGPTBGBLSHEPO-UHFFFAOYSA-N,FFGPTBGBLSHEPO
carbon tetrachloride,CCL4,True,False,C(Cl)(Cl)(Cl)Cl,VZGDMQKNWNREIO-UHFFFAOYSA-N,VZGDMQKNWNREIO
carboplatin,CBP,True,True,C1CC(C1)(C(=O)[O-])C(=O)[O-].N.N.[Pt+2],CCQPAEQGAVNNIA-UHFFFAOYSA-N,CCQPAEQGAVNNIA
cephalothin,CLT,True,True,CC(=O)OCC1=C(N2[C@@H]([C@@H](C2=O)NC(=O)CC3=CC=CS3)SC1)C(=O)O,XIURVHNZVLADCM-IUODEOHRSA-N,XIURVHNZVLADCM
chloramphenicol,CMP,True,False,C1=CC(=CC=C1[C@H]([C@@H](CO)NC(=O)C(Cl)Cl)O)[N+](=O)[O-],WIIZWVCIJKGZOK-RKDXNWHRSA-N,WIIZWVCIJKGZOK
chlormadinone,CLM,True,False,CC(=O)[C@]1(CC[C@@H]2[C@@]1(CC[C@H]3[C@H]2C=C(C4=CC(=O)CC[C@]34C)Cl)C)O,VUHJZBBCZGVNDZ-TTYLFXKOSA-N,VUHJZBBCZGVNDZ
chlormezanone,CMN,True,False,CN1C(S(=O)(=O)CCC1=O)C2=CC=C(C=C2)Cl,WEQAYVWKMWHEJO-UHFFFAOYSA-N,WEQAYVWKMWHEJO
chlorpheniramine,CHL,True,False,CN(C)CCC(C1=CC=C(C=C1)Cl)C2=CC=CC=N2,SOYKEARSMXGVTM-UHFFFAOYSA-N,SOYKEARSMXGVTM
chlorpromazine,CPZ,True,False,CN(C)CCCN1C2=CC=CC=C2SC3=C1C=C(C=C3)Cl,ZPEIMTDSQAKGNT-UHFFFAOYSA-N,ZPEIMTDSQAKGNT
chlorpropamide,CPP,True,False,CCCNC(=O)NS(=O)(=O)C1=CC=C(C=C1)Cl,RKWGIWYCVPQPMF-UHFFFAOYSA-N,RKWGIWYCVPQPMF
cimetidine,CIM,True,False,CC1=C(N=CN1)CSCCNC(=NC)NC#N,AQIXAKUUQRKLND-UHFFFAOYSA-N,AQIXAKUUQRKLND
ciprofloxacin,CPX,True,True,C1CC1N2C=C(C(=O)C3=CC(=C(C=C32)N4CCNCC4)F)C(=O)O,MYSWGUAQZAJSOK-UHFFFAOYSA-N,MYSWGUAQZAJSOK
cisplatin,CSP,True,True,N.N.Cl[Pt]Cl,QGZKDVFQNNGYKY-UHFFFAOYSA-N,QGZKDVFQNNGYKY
clofibrate,CFB,True,True,CCOC(=O)C(C)(C)OC1=CC=C(C=C1)Cl,KNHUKKLJHYUCFP-UHFFFAOYSA-N,KNHUKKLJHYUCFP
clomipramine,CPM,True,False,CN(C)CCCN1C2=CC=CC=C2CCC3=C1C=C(C=C3)Cl,GDLIGKIOYRNHDA-UHFFFAOYSA-N,GDLIGKIOYRNHDA
clozapine,CZP,False,False,CN1CCN(CC1)C2=NC3=C(C=CC(=C3)Cl)NC4=CC=CC=C42,QZUDBNBUXVUHMW-UHFFFAOYSA-N,QZUDBNBUXVUHMW
colchicine,COL,True,False,CC(=O)N[C@H]1CCC2=CC(=C(C(=C2C3=CC=C(C(=O)C=C13)OC)OC)OC)OC,IAKHMKGGTNLKSZ-INIZCTEOSA-N,IAKHMKGGTNLKSZ
coumarin,CMA,True,False,C1=CC=C2C(=C1)C=CC(=O)O2,ZYGHJZDHTFUPRJ-UHFFFAOYSA-N,ZYGHJZDHTFUPRJ
cycloheximide,CHX,True,False,C[C@H]1C[C@@H](C(=O)[C@@H](C1)[C@@H](CC2CC(=O)NC(=O)C2)O)C,YPHMISFOHDHNIV-FSZOTQKASA-N,YPHMISFOHDHNIV
cyclophosphamide,CPA,True,True,C1CNP(=O)(OC1)N(CCCl)CCCl,CMSMOCZEIVJLDB-UHFFFAOYSA-N,CMSMOCZEIVJLDB
cyclosporine A,CSA,True,True,CC[C@H]1C(=O)N(CC(=O)N([C@H](C(=O)N[C@H](C(=O)N([C@H](C(=O)N[C@H](C(=O)N[C@@H](C(=O)N([C@H](C(=O)N([C@H](C(=O)N([C@H](C(=O)N([C@H](C(=O)N1)[C@@H]([C@H](C)C/C=C/C)O)C)C(C)C)C)CC(C)C)C)CC(C)C)C)C)C)CC(C)C)C)C(C)C)CC(C)C)C)C,PMATZTZNYRCHOR-CGLBZJNRSA-N,PMATZTZNYRCHOR
danazol,DNZ,True,False,C[C@]12CC[C@H]3[C@H]([C@@H]1CC[C@]2(C#C)O)CCC4=CC5=C(C[C@]34C)C=NO5,POZRVZJJTULAOH-LHZXLZLDSA-N,POZRVZJJTULAOH
dantrolene,DTL,True,False,C1C(=O)NC(=O)N1/N=C/C2=CC=C(O2)C3=CC=C(C=C3)[N+](=O)[O-],OZOMQRBLCMDCEG-VIZOYTHASA-N,OZOMQRBLCMDCEG
desmopressin acetate,DDAVP,True,True,CC(=O)O.C1C[C@H](N(C1)C(=O)[C@@H]2CSSCCC(=O)N[C@H](C(=O)N[C@H](C(=O)N[C@H](C(=O)N[C@H](C(=O)N2)CC(=O)N)CCC(=O)N)CC3=CC=CC=C3)CC4=CC=C(C=C4)O)C(=O)N[C@H](CCCN=C(N)N)C(=O)NCC(=O)N,NFLWUMRGJYTJIN-PNIOQBSNSA-N,NFLWUMRGJYTJIN
dexamethasone,DEX,True,False,C[C@@H]1C[C@H]2[C@@H]3CCC4=CC(=O)C=C[C@@]4([C@]3([C@H](C[C@@]2([C@]1(C(=O)CO)O)C)O)F)C,UREBDLICKHMUKA-CXSFZGCWSA-N,UREBDLICKHMUKA
diazepam,DZP,True,False,CN1C(=O)CN=C(C2=C1C=CC(=C2)Cl)C3=CC=CC=C3,AAOVKJBEBIDNHE-UHFFFAOYSA-N,AAOVKJBEBIDNHE
diclofenac,DFNa,True,False,C1=CC=C(C(=C1)CC(=O)O)NC2=C(C=CC=C2Cl)Cl,DCOPUUMXTXDBNB-UHFFFAOYSA-N,DCOPUUMXTXDBNB
diethyl maleate,DEM,True,False,CCOC(=O)/C=C\C(=O)OCC,IEPRKVQEAMIZSS-WAYWQWQTSA-N,IEPRKVQEAMIZSS
diltiazem,DIL,True,False,CC(=O)O[C@@H]1[C@@H](SC2=CC=CC=C2N(C1=O)CCN(C)C)C3=CC=C(C=C3)OC,HSUGRBWQSSZJOP-RTWAWAEBSA-N,HSUGRBWQSSZJOP
disopyramide,DIS,True,False,CC(C)N(CCC(C1=CC=CC=C1)(C2=CC=CC=N2)C(=O)N)C(C)C,UVTNFZQICZKOEM-UHFFFAOYSA-N,UVTNFZQICZKOEM
disulfiram,DSF,True,False,CCN(CC)C(=S)SSC(=S)N(CC)CC,AUZONCFQVSMFAP-UHFFFAOYSA-N,AUZONCFQVSMFAP
doxorubicin,DOX,True,True,C[C@H]1[C@H]([C@H](C[C@@H](O1)O[C@H]2C[C@@](CC3=C2C(=C4C(=C3O)C(=O)C5=C(C4=O)C(=CC=C5)OC)O)(C(=O)CO)O)N)O,AOJJSUZBOXZQNB-TZSSRYMLSA-N,AOJJSUZBOXZQNB
enalapril,ENA,True,True,CCOC(=O)[C@H](CCC1=CC=CC=C1)N[C@@H](C)C(=O)N2CCC[C@H]2C(=O)O,GBXSMTUPTTWBMN-XIRDDKMYSA-N,GBXSMTUPTTWBMN
erythromycin ethylsuccinate,EME,True,True,CC[C@@H]1[C@@]([C@@H]([C@H](C(=O)[C@@H](C[C@@]([C@@H]([C@H]([C@@H]([C@H](C(=O)O1)C)O[C@H]2C[C@@]([C@H]([C@@H](O2)C)O)(C)OC)C)O[C@H]3[C@@H]([C@H](C[C@H](O3)C)N(C)C)OC(=O)CCC(=O)OCC)(C)O)C)C)O)(C)O,NSYZCCDSJNWWJL-YXOIYICCSA-N,NSYZCCDSJNWWJL
ethambutol,EBU,True,False,CC[C@@H](CO)NCCN[C@@H](CC)CO,AEUTYOVWOVBAKS-UWVGGRQHSA-N,AEUTYOVWOVBAKS
ethanol,ETN,True,False,CCO,LFQSCWFLJHTTHZ-UHFFFAOYSA-N,LFQSCWFLJHTTHZ
ethinylestradiol,EE,True,True,C[C@]12CC[C@H]3[C@H]([C@@H]1CC[C@]2(C#C)O)CCC4=C3C=CC(=C4)O,BFPYWIDHMRZLRN-SLHNCBLASA-N,BFPYWIDHMRZLRN
ethionamide,ETH,True,False,CCC1=NC=CC(=C1)C(=S)N,AEOCXXJPGCBFJA-UHFFFAOYSA-N,AEOCXXJPGCBFJA
ethionine,ET,True,True,CCSCC[C@@H](C(=O)O)N,GGLZPLKKBSSKCX-YFKPBYRVSA-N,GGLZPLKKBSSKCX
etoposide,ETP,True,False,C[C@@H]1OC[C@@H]2[C@@H](O1)[C@@H]([C@H]([C@@H](O2)O[C@H]3[C@H]4COC(=O)[C@@H]4[C@@H](C5=CC6=C(C=C35)OCO6)C7=CC(=C(C(=C7)OC)O)OC)O)O,VJJPUSNTGOMMGY-MRVIYFEKSA-N,VJJPUSNTGOMMGY
famotidine,FAM,True,False,C1=C(N=C(S1)N=C(N)N)CSCC/C(=N/S(=O)(=O)N)/N,XUFQPHANEAPEMJ-UHFFFAOYSA-N,XUFQPHANEAPEMJ
fenofibrate,FFB,True,False,CC(C)OC(=O)C(C)(C)OC1=CC=C(C=C1)C(=O)C2=CC=C(C=C2)Cl,YMTINGFKWWXKFG-UHFFFAOYSA-N,YMTINGFKWWXKFG
fluoxetine hydrochloride,FLX,True,False,CNCCC(C1=CC=CC=C1)OC2=CC=C(C=C2)C(F)(F)F.Cl,RTHCYVBBDHJXIQ-UHFFFAOYSA-N,RTHCYVBBDHJXIQ
fluphenazine,FP,True,False,C1CN(CCN1CCCN2C3=CC=CC=C3SC4=C2C=C(C=C4)C(F)(F)F)CCO,PLDUPXSUYLZYBN-UHFFFAOYSA-N,PLDUPXSUYLZYBN
flutamide,FT,True,False,CC(C)C(=O)NC1=CC(=C(C=C1)[N+](=O)[O-])C(F)(F)F,MKXKFYHWDHIYRV-UHFFFAOYSA-N,MKXKFYHWDHIYRV
furosemide,FUR,True,False,C1=COC(=C1)CNC2=CC(=C(C=C2C(=O)O)S(=O)(=O)N)Cl,ZZUFCTLCJUWOSV-UHFFFAOYSA-N,ZZUFCTLCJUWOSV
galactosamine,GaN,True,False,C([C@@H]1[C@@H]([C@@H]([C@H](C(O1)O)N)O)O)O,MSWZFWKMSRAUBD-GASJEMHNSA-N,MSWZFWKMSRAUBD
gefitinib,GEF,True,False,COC1=C(C=C2C(=C1)N=CN=C2NC3=CC(=C(C=C3)F)Cl)OCCCN4CCOCC4,XGALLCVXEZPNRQ-UHFFFAOYSA-N,XGALLCVXEZPNRQ
gemfibrozil,GFZ,True,False,CC1=CC(=C(C=C1)C)OCCCC(C)(C)C(=O)O,HEMJJKBWTPKOJG-UHFFFAOYSA-N,HEMJJKBWTPKOJG
gentamicin,GMC,True,True,CC(C1CCC(C(O1)OC2C(CC(C(C2O)OC3C(C(C(CO3)(C)O)NC)O)N)N)N)NC,CEAZRRDELHUEMR-UHFFFAOYSA-N,CEAZRRDELHUEMR
glibenclamide,GBC,True,False,COC1=C(C=C(C=C1)Cl)C(=O)NCCC2=CC=C(C=C2)S(=O)(=O)NC(=O)NC3CCCCC3,ZNNLBTZKUZBEKO-UHFFFAOYSA-N,ZNNLBTZKUZBEKO
griseofulvin,GF,True,False,C[C@@H]1CC(=O)C=C([C@]12C(=O)C3=C(O2)C(=C(C=C3OC)OC)Cl)OC,DDUHZTYCFQRHIY-RBHXEPJQSA-N,DDUHZTYCFQRHIY
haloperidol,HPL,True,False,C1CN(CCC1(C2=CC=C(C=C2)Cl)O)CCCC(=O)C3=CC=C(C=C3)F,LNEPOXFFQSENCJ-UHFFFAOYSA-N,LNEPOXFFQSENCJ
"hepatocyte growth factor, human",hHGF,False,False,,,
hexachlorobenzene,HCB,True,True,C1(=C(C(=C(C(=C1Cl)Cl)Cl)Cl)Cl)Cl,CKAPSXZOOQJIBF-UHFFFAOYSA-N,CKAPSXZOOQJIBF
hydroxyzine,HYZ,True,False,C1CN(CCN1CCOCCO)C(C2=CC=CC=C2)C3=CC=C(C=C3)Cl,ZQDWXGKKHFNSQK-UHFFFAOYSA-N,ZQDWXGKKHFNSQK
ibuprofen,IBU,True,False,CC(C)CC1=CC=C(C=C1)C(C)C(=O)O,HEFNNWSXXWATRW-UHFFFAOYSA-N,HEFNNWSXXWATRW
"imatinib, methanesulfonate salt",IMA,True,False,CC1=C(C=C(C=C1)NC(=O)C2=CC=C(C=C2)CN3CCN(CC3)C)NC4=NC=CC(=N4)C5=CN=CC=C5.CS(=O)(=O)O,KTUFNOKKBVMGRW-UHFFFAOYSA-N,KTUFNOKKBVMGRW
imipramine,IMI,True,True,CN(C)CCCN1C2=CC=CC=C2CCC3=CC=CC=C31,BCGWQEUPMDMJNV-UHFFFAOYSA-N,BCGWQEUPMDMJNV
indomethacin,IM,True,True,CC1=C(C2=C(N1C(=O)C3=CC=C(C=C3)Cl)C=CC(=C2)OC)CC(=O)O,CGIGDMFJXJATDK-UHFFFAOYSA-N,CGIGDMFJXJATDK
"interferon alpha, human",hIFNA,False,False,,,
"interleukin 1 beta, human",hIL1B,False,False,,,
"interleukin 6, human",hIL6,False,False,,,
iproniazid,IPA,True,False,CC(C)NNC(=O)C1=CC=NC=C1,NYMGNSNKLVNMIA-UHFFFAOYSA-N,NYMGNSNKLVNMIA
isoniazid,INAH,True,False,C1=CN=CC=C1C(=O)NN,QRXWMOHMRWLFEY-UHFFFAOYSA-N,QRXWMOHMRWLFEY
ketoconazole,KC,True,True,CC(=O)N1CCN(CC1)C2=CC=C(C=C2)OC[C@@H]3CO[C@@](O3)(CN4C=CN=C4)C5=C(C=C(C=C5)Cl)Cl,XMAYWYJOQHXEEK-ZEQKJWHPSA-N,XMAYWYJOQHXEEK
labetalol,LBT,True,False,CC(CCC1=CC=CC=C1)NCC(C2=CC(=C(C=C2)O)C(=O)N)O,SGUAFYQXFOLMHL-UHFFFAOYSA-N,SGUAFYQXFOLMHL
lomustine,LS,True,True,C1CCC(CC1)NC(=O)N(CCCl)N=O,GQYIWUVLTXOXAJ-UHFFFAOYSA-N,GQYIWUVLTXOXAJ
lornoxicam,LNX,True,False,CN1C(=C(C2=C(S1(=O)=O)C=C(S2)Cl)O)C(=O)NC3=CC=CC=N3,WLHQHAUOOXYABV-UHFFFAOYSA-N,WLHQHAUOOXYABV
LPS,LPS,True,False,,,
mefenamic acid,MEF,True,False,CC1=C(C(=CC=C1)NC2=CC=CC=C2C(=O)O)C,HYYBABOKPJLUIN-UHFFFAOYSA-N,HYYBABOKPJLUIN
meloxicam,MLX,True,False,CC1=CN=C(S1)NC(=O)C2=C(C3=CC=CC=C3S(=O)(=O)N2C)O,ZRVUJXDFFKFLMG-UHFFFAOYSA-N,ZRVUJXDFFKFLMG
metformin,MFM,True,False,CN(C)C(=N)N=C(N)N,XZWYZXLIPXDOLR-UHFFFAOYSA-N,XZWYZXLIPXDOLR
methapyrilene,MP,True,False,CN(C)CCN(CC1=CC=CS1)C2=CC=CC=N2,HNJJXZKZRAWDPF-UHFFFAOYSA-N,HNJJXZKZRAWDPF
methimazole,MTZ,True,False,CN1C=CNC1=S,PMRYVIKBURPHAH-UHFFFAOYSA-N,PMRYVIKBURPHAH
methyldopa,MDP,True,False,C[C@](CC1=CC(=C(C=C1)O)O)(C(=O)O)N,CJCSPKMFHVPWAR-JTQLQIEISA-N,CJCSPKMFHVPWAR
methylene dianiline,DAPM,True,False,C1=CC=C(C=C1)NCNC2=CC=CC=C2,OHQOKJPHNPUMLN-UHFFFAOYSA-N,OHQOKJPHNPUMLN
methyltestosterone,MTS,True,True,C[C@]12CCC(=O)C=C1CC[C@@H]3[C@@H]2CC[C@]4([C@H]3CC[C@]4(C)O)C,GCKMFJBGXUYNAG-HLXURNFRSA-N,GCKMFJBGXUYNAG
mexiletine,MEX,True,False,CC1=C(C(=CC=C1)C)OCC(C)N,VLPIATFUUWWMKC-UHFFFAOYSA-N,VLPIATFUUWWMKC
monocrotaline,MCT,True,True,C[C@H]1C(=O)O[C@@H]2CCN3[C@@H]2C(=CC3)COC(=O)[C@]([C@]1(C)O)(C)O,QVCMHGGNRFRMAD-XFGHUUIASA-N,QVCMHGGNRFRMAD
moxisylyte,MXS,True,False,CC1=CC(=C(C=C1OC(=O)C)C(C)C)OCCN(C)C,VRYMTAVOXVTQEF-UHFFFAOYSA-N,VRYMTAVOXVTQEF
N-methyl-N-nitrosourea,MNU,True,False,CN(C(=O)N)N=O,ZRKWMRDKSOPRRS-UHFFFAOYSA-N,ZRKWMRDKSOPRRS
N-nitrosomorpholine,NMOR,True,False,C1COCCN1N=O,ZKXDGKXYMTYWTB-UHFFFAOYSA-N,ZKXDGKXYMTYWTB
naphthyl isothiocyanate,ANIT,True,False,C1=CC=C2C(=C1)C=CC=C2N=C=S,JBDOSUUXMYMWQH-UHFFFAOYSA-N,JBDOSUUXMYMWQH
naproxen,NPX,True,False,C[C@@H](C1=CC2=C(C=C1)C=C(C=C2)OC)C(=O)O,CMWTZPSULFXXJA-VIFPVBQESA-N,CMWTZPSULFXXJA
nefazodone,NZD,False,False,CCC1=NN(C(=O)N1CCOC2=CC=CC=C2)CCCN3CCN(CC3)C4=CC(=CC=C4)Cl,VRBKIVRKKCLPHA-UHFFFAOYSA-N,VRBKIVRKKCLPHA
nicotinic acid,NIC,True,False,C1=CC(=CN=C1)C(=O)O,PVNIIMVLHYAWGP-UHFFFAOYSA-N,PVNIIMVLHYAWGP
nifedipine,NIF,True,False,CC1=C(C(C(=C(N1)C)C(=O)OC)C2=CC=CC=C2[N+](=O)[O-])C(=O)OC,HYIMSNHJOBLJNT-UHFFFAOYSA-N,HYIMSNHJOBLJNT
nimesulide,NIM,True,False,CS(=O)(=O)NC1=C(C=C(C=C1)[N+](=O)[O-])OC2=CC=CC=C2,HYWYRSMBCFDLJT-UHFFFAOYSA-N,HYWYRSMBCFDLJT
nitrofurantoin,NFT,True,True,C1C(=O)NC(=O)N1/N=C/C2=CC=C(O2)[N+](=O)[O-],NXFQHRVNIOXGAQ-YCRREMRBSA-N,NXFQHRVNIOXGAQ
nitrofurazone,NFZ,True,False,C1=C(OC(=C1)[N+](=O)[O-])/C=N/NC(=O)N,IAIWVQXQOWNYOU-FPYGCLRLSA-N,IAIWVQXQOWNYOU
nitrosodiethylamine,DEN,True,False,CCN(CC)N=O,WBNQDOYYEUMPFS-UHFFFAOYSA-N,WBNQDOYYEUMPFS
omeprazole,OPZ,True,True,CC1=CN=C(C(=C1OC)C)CS(=O)C2=NC3=C(N2)C=C(C=C3)OC,SUBDBMMJDZJVOS-UHFFFAOYSA-N,SUBDBMMJDZJVOS
papaverine,PAP,True,False,COC1=C(C=C(C=C1)CC2=NC=CC3=CC(=C(C=C32)OC)OC)OC,XQYZDYMELSJDRZ-UHFFFAOYSA-N,XQYZDYMELSJDRZ
pemoline,PML,True,False,C1=CC=C(C=C1)C2C(=O)N=C(O2)N,NRNCYVBFPDDJNE-UHFFFAOYSA-N,NRNCYVBFPDDJNE
penicillamine,PEN,True,False,CC(C)([C@H](C(=O)O)N)S,VVNCNSJFMMFHPL-VKHMYHEASA-N,VVNCNSJFMMFHPL
perhexiline,PH,True,False,C1CCC(CC1)C(CC2CCCCN2)C3CCCCC3,CYXKNKQEMFBLER-UHFFFAOYSA-N,CYXKNKQEMFBLER
phalloidin,PHA,True,False,C[C@H]1C(=O)N[C@H]2CC3=C(NC4=CC=CC=C34)SC[C@@H](C(=O)N5C[C@H](C[C@H]5C(=O)N1)O)NC(=O)[C@H](NC(=O)[C@@H](NC(=O)[C@@H](NC2=O)C[C@](C)(CO)O)C)[C@H](C)O,KPKZJLCSROULON-QKGLWVMZSA-N,KPKZJLCSROULON
phenacetin,PCT,True,True,CCOC1=CC=C(C=C1)NC(=O)C,CPJSUEIXXCENMM-UHFFFAOYSA-N,CPJSUEIXXCENMM
phenobarbital,PB,True,False,CCC1(C(=O)NC(=O)NC1=O)C2=CC=CC=C2,DDBREPKUVSBGFI-UHFFFAOYSA-N,DDBREPKUVSBGFI
phenylanthranilic acid,NPAA,True,True,C1=CC=C(C=C1)NC2=CC=CC=C2C(=O)O,ZWJINEZUASEZBH-UHFFFAOYSA-N,ZWJINEZUASEZBH
phenylbutazone,PhB,True,True,CCCCC1C(=O)N(N(C1=O)C2=CC=CC=C2)C3=CC=CC=C3,VYMDGNCVAMGZFE-UHFFFAOYSA-N,VYMDGNCVAMGZFE
phenytoin,PHE,True,False,C1=CC=C(C=C1)C2(C(=O)NC(=O)N2)C3=CC=CC=C3,CXOFVDLJLONNDW-UHFFFAOYSA-N,CXOFVDLJLONNDW
phorone,PHO,True,False,CC(=CC(=O)C=C(C)C)C,MTZWHHIREPJPTG-UHFFFAOYSA-N,MTZWHHIREPJPTG
promethazine,PMZ,True,False,CC(CN1C2=CC=CC=C2SC3=CC=CC=C31)N(C)C,PWWVAXIEGOYWEE-UHFFFAOYSA-N,PWWVAXIEGOYWEE
propranolol,PPL,True,False,CC(C)NCC(COC1=CC=CC2=CC=CC=C21)O,AQHHHDLHHXJYJD-UHFFFAOYSA-N,AQHHHDLHHXJYJD
propylthiouracil,PTU,True,False,CCCC1=CC(=O)NC(=S)N1,KNAHARQHSZJURB-UHFFFAOYSA-N,KNAHARQHSZJURB
puromycin aminonucleoside,PAN,True,True,CN(C)C1=NC=NC2=C1N=CN2[C@H]3[C@@H]([C@@H]([C@H](O3)CO)N)O,RYSMHWILUNYBFW-GRIPGOBMSA-N,RYSMHWILUNYBFW
quinidine,QND,True,False,COC1=CC2=C(C=CN=C2C=C1)[C@@H]([C@H]3C[C@@H]4CCN3C[C@@H]4C=C)O,LOUPRKONTZGTKE-LHHVKLHASA-N,LOUPRKONTZGTKE
ranitidine,RAN,True,False,CN/C(=C\[N+](=O)[O-])/NCCSCC1=CC=C(O1)CN(C)C,VMXUWOKSQNHOCA-UKTHLTGXSA-N,VMXUWOKSQNHOCA
rifampicin,RIF,True,True,C[C@H]1/C=C/C=C(\C(=O)NC2=C(C(=C3C(=C2O)C(=C(C4=C3C(=O)[C@](O4)(O/C=C/[C@@H]([C@H]([C@H]([C@@H]([C@@H]([C@@H]([C@H]1O)C)O)C)OC(=O)C)C)OC)C)C)O)O)/C=N/N5CCN(CC5)C)/C,JQXXHWHPUNPDRT-WLSIYKJHSA-N,JQXXHWHPUNPDRT
rosiglitazone maleate,RGZ,True,False,CN(CCOC1=CC=C(C=C1)CC2C(=O)NC(=O)S2)C3=CC=CC=N3.C(=C\C(=O)O)\C(=O)O,YASAKCUCGLMORW-UHFFFAOYSA-N,YASAKCUCGLMORW
rotenone,ROT,True,False,CC(=C)[C@H]1CC2=C(O1)C=CC3=C2O[C@@H]4COC5=CC(=C(C=C5[C@@H]4C3=O)OC)OC,JUVIOZPCNVVQFO-HBGVWJBISA-N,JUVIOZPCNVVQFO
simvastatin,SST,True,False,CCC(C)(C)C(=O)O[C@H]1C[C@H](C=C2[C@H]1[C@H]([C@H](C=C2)C)CC[C@@H]3C[C@H](CC(=O)O3)O)C,RYMZZMVNJRMUDD-HGQWONQESA-N,RYMZZMVNJRMUDD
sulfasalazine,SS,True,False,C1=CC=NC(=C1)NS(=O)(=O)C2=CC=C(C=C2)N=NC3=CC(=C(C=C3)O)C(=O)O,NCEXYHBECQHGNR-UHFFFAOYSA-N,NCEXYHBECQHGNR
sulindac,SUL,True,False,CC\1=C(C2=C(/C1=C\C3=CC=C(C=C3)S(=O)C)C=CC(=C2)F)CC(=O)O,MLKXDPUZXIRXEP-MFOYZWKCSA-N,MLKXDPUZXIRXEP
sulpiride,SLP,True,False,CCN1CCCC1CNC(=O)C2=C(C=CC(=C2)S(=O)(=O)N)OC,BGRJTUBHPOOWDU-UHFFFAOYSA-N,BGRJTUBHPOOWDU
tacrine,TAC,True,False,C1CCC2=NC3=CC=CC=C3C(=C2C1)N,YLJREFDVOIBQDA-UHFFFAOYSA-N,YLJREFDVOIBQDA
tamoxifen,TMX,True,False,CC/C(=C(\C1=CC=CC=C1)/C2=CC=C(C=C2)OCCN(C)C)/C3=CC=CC=C3,NKANXQFJJICGDU-QPLCGJKRSA-N,NKANXQFJJICGDU
tannic acid,TAN,True,False,C1=C(C=C(C(=C1O)O)O)C(=O)OC2=CC(=CC(=C2O)O)C(=O)OC[C@@H]3[C@H]([C@@H]([C@H]([C@@H](O3)OC(=O)C4=CC(=C(C(=C4)OC(=O)C5=CC(=C(C(=C5)O)O)O)O)O)OC(=O)C6=CC(=C(C(=C6)OC(=O)C7=CC(=C(C(=C7)O)O)O)O)O)OC(=O)C8=CC(=C(C(=C8)OC(=O)C9=CC(=C(C(=C9)O)O)O)O)O)OC(=O)C1=CC(=C(C(=C1)OC(=O)C1=CC(=C(C(=C1)O)O)O)O)O,LRBQNJMCXXYXIU-PPKXGCFTSA-N,LRBQNJMCXXYXIU
terbinafine,TBF,True,False,CC(C)(C)C#C/C=C/CN(C)CC1=CC=CC2=CC=CC=C21,DOMXUEMWDBAQBQ-WEVVVXLNSA-N,DOMXUEMWDBAQBQ
tetracycline,TC,True,False,C[C@@]1([C@H]2C[C@H]3[C@@H](C(=O)C(=C([C@]3(C(=O)C2=C(C4=C1C=CC=C4O)O)O)O)C(=O)N)N(C)C)O,NWXMGUDVXFXRIG-WESIUVDSSA-N,NWXMGUDVXFXRIG
theophylline,TEO,True,False,CN1C2=C(C(=O)N(C1=O)C)NC=N2,ZFXYFBGIUFBOJW-UHFFFAOYSA-N,ZFXYFBGIUFBOJW
thioacetamide,TAA,True,True,CC(=S)N,YUKQRDCYNOVPGJ-UHFFFAOYSA-N,YUKQRDCYNOVPGJ
thioridazine,TRZ,True,False,CN1CCCCC1CCN2C3=CC=CC=C3SC4=C2C=C(C=C4)SC,KLBQZWRITKRQQV-UHFFFAOYSA-N,KLBQZWRITKRQQV
ticlopidine,TCP,True,False,C1CN(CC2=C1SC=C2)CC3=CC=CC=C3Cl,PHWBOXQYWZNQIN-UHFFFAOYSA-N,PHWBOXQYWZNQIN
tiopronin,TIO,True,False,CC(C(=O)NCC(=O)O)S,YTGJWQPHMWSCST-UHFFFAOYSA-N,YTGJWQPHMWSCST
TNF¿,TNF,True,False,,,
tolbutamide,TLB,True,False,CCCCNC(=O)NS(=O)(=O)C1=CC=C(C=C1)C,JLRGJRBPOGGCBT-UHFFFAOYSA-N,JLRGJRBPOGGCBT
transforming growth factor beta 1,TGFB1,False,False,,,
triamterene,TRI,True,True,C1=CC=C(C=C1)C2=NC3=C(N=C(N=C3N=C2N)N)N,FNYLWPVRPXGIIP-UHFFFAOYSA-N,FNYLWPVRPXGIIP
triazolam,TZM,True,False,CC1=NN=C2N1C3=C(C=C(C=C3)Cl)C(=NC2)C4=CC=CC=C4Cl,JOFWLTCLBGQGBO-UHFFFAOYSA-N,JOFWLTCLBGQGBO
trimethadione,TMD,True,False,CC1(C(=O)N(C(=O)O1)C)C,IRYJRGCIQBGHIV-UHFFFAOYSA-N,IRYJRGCIQBGHIV
tunicamycin,TUN,True,False,,,
valproic acid,VPA,True,True,CCCC(CCC)C(=O)O,NIJJYAXOARWZEE-UHFFFAOYSA-N,NIJJYAXOARWZEE
venlafaxine,VLF,False,False,CN(C)CC(C1=CC=C(C=C1)OC)C2(CCCCC2)O,PNVNVHUZROJLTJ-UHFFFAOYSA-N,PNVNVHUZROJLTJ
vitamin A,VA,True,False,CC1=C(C(CCC1)(C)C)/C=C/C(=C/C=C/C(=C/CO)/C)/C,FPIPGXGPPPQFEQ-OVSJKPMPSA-N,FPIPGXGPPPQFEQ
WY-14643,WY,True,False,CC1=C(C(=CC=C1)NC2=CC(=NC(=N2)SCC(=O)O)Cl)C,SZRPDCCEHVWOJX-UHFFFAOYSA-N,SZRPDCCEHVWOJX
